{
  "customers": [
    {
      "id": 1,
      "firstName": "Rachel",
      "lastName": "Green ",
      "gender": "female",
      "address": "some addres"
    },
    {
      "id": 2,
      "firstName": "Chandler",
      "lastName": "Bing",
      "gender": "male",
      "address": "West Street"
    },
    {
      "id": 3,
      "firstName": "Joey",
      "lastName": "Trib",
      "gender": "male",
      "address": "some address"
    },
    {
      "id": 4,
      "firstName": "Monica",
      "lastName": "Geller",
      "gender": "female",
      "address": "some address"
    },
    {
      "id": 5,
      "firstName": "Ross",
      "lastName": "Geller",
      "gender": "male",
      "address": "some address"
    }
  ]
}